<?xml version="1.0" encoding="UTF-8"?>
<project-private xmlns="http://www.netbeans.org/ns/project-private/1">
    <editor-bookmarks xmlns="http://www.netbeans.org/ns/editor-bookmarks/2" lastBookmarkId="0"/>
    <open-files xmlns="http://www.netbeans.org/ns/projectui-open-files/2">
        <group>
            <file>file:/C:/Users/consulta/Downloads/PollaMundial/src/Controller/Controlador2.java</file>
            <file>file:/C:/Users/consulta/Downloads/PollaMundial/src/Model/Modelo1.java</file>
            <file>file:/C:/Users/consulta/Downloads/PollaMundial/src/Model/Modelo2.java</file>
            <file>file:/C:/Users/consulta/Downloads/PollaMundial/src/View/Vista2.java</file>
        </group>
    </open-files>
</project-private>
